video,frame,left-x,left-y,right-x,right-y,nose-x,nose-y
1,0,0.9570313,-0.2719727,0.921875,0.300293,0.07674678,-0.173953
1,1,0.9433594,-0.2617188,0.9282227,0.293457,0.07659916,-0.1741485
1,2,0.9580078,-0.2661133,0.9257813,0.2993164,0.07685024,-0.1745623
1,3,0.9575195,-0.2597656,0.9287109,0.293457,0.07643896,-0.1747392
1,4,0.9545898,-0.2631836,0.9233398,0.2944336,0.0762587,-0.1745504
1,5,0.953125,-0.2641602,0.9150391,0.3076172,0.07601675,-0.1746608
1,6,0.9555664,-0.3105469,0.9892578,0.3535156,0.07572795,-0.1747372
1,7,1.010742,-0.5058594,1.202637,0.4995117,0.07557173,-0.1748336
1,8,1.133789,-0.4130859,0.9453125,0.5786133,0.07625969,-0.174367
1,9,0.9077148,-0.4736328,0.5068359,0.8798828,0.07591846,-0.1739246
1,10,0.4140625,-0.4169922,0.1855469,0.5405273,0.07504705,-0.1734727
1,11,0.5136719,-0.4907227,0.01806641,0.5629883,0.07548797,-0.1727504
1,12,0.1333008,-0.3212891,0.08105469,0.5786133,0.07565253,-0.1723459
1,13,0.2382813,-0.4165039,0.01806641,0.6464844,0.0761826,-0.172206
1,14,0.2490234,-0.5244141,-0.04052734,0.7177734,0.07631022,-0.1722582
1,15,0.4692383,-0.4716797,0.2939453,0.7919922,0.07662816,-0.1725972
1,16,0.3081055,-0.5615234,-0.08300781,0.5625,0.07662974,-0.172653
1,17,-0.144043,-0.78125,0.0234375,0.6103516,0.07669919,-0.1724174
1,18,0.168457,-0.4072266,0.0390625,0.7915039,0.07657629,-0.1724954
1,19,0.1796875,-0.4897461,-0.3442383,0.8613281,0.07679258,-0.1717184
1,20,0.2060547,-0.5620117,-0.5087891,0.9462891,0.07746097,-0.1717792
1,21,0.1665039,-0.6103516,-0.644043,0.7646484,0.07706877,-0.1719229
1,22,0.1118164,-0.7138672,-0.7124023,0.6865234,0.07650705,-0.1722472
1,23,0.1303711,-0.6582031,-0.6132813,0.5380859,0.0739494,-0.1743073
1,24,0.1010742,-0.6630859,-0.4833984,0.4946289,0.0743149,-0.1759384
1,25,0.1044922,-0.7260742,-0.3408203,0.4394531,0.07482175,-0.1764621
1,26,0.1367188,-0.7392578,0.02832031,0.4628906,0.07529654,-0.174124
1,27,0.1416016,-0.7768555,0.2421875,0.8168945,0.07528001,-0.1715846
1,28,0.1298828,-0.8754883,0.3608398,1.172363,0.07531244,-0.1701203
1,29,0.09619141,-0.9160156,0.4770508,1.256348,0.07445709,-0.1695297
1,30,0.1171875,-0.9082031,0.3725586,1.089844,0.07381292,-0.1694507
1,31,0.1274414,-0.8369141,0.3198242,1.020996,0.07371967,-0.1696577
1,32,0.1293945,-0.8305664,0.3139648,1.004883,0.07389531,-0.1698101
1,33,0.1953125,-0.769043,0.4301758,1.063965,0.07390112,-0.1698214
1,34,0.1894531,-0.715332,0.06689453,1.016113,0.07404851,-0.1693732
1,35,0.1640625,-0.6132813,-0.2143555,0.8876953,0.07456637,-0.1688897
1,36,0.1899414,-0.7895508,-0.2685547,0.9213867,0.07478476,-0.1688382
1,37,0.5083008,-0.5795898,-0.1254883,0.8662109,0.07569036,-0.1696509
1,38,0.6210938,-0.6987305,-0.1425781,1.00293,0.07675202,-0.1704034
1,39,0.7573242,-0.5712891,-0.2592773,1.246094,0.07813606,-0.1700251
1,40,0.7539063,-0.4780273,-0.2539063,1.245605,0.08010995,-0.1690043
1,41,0.7626953,-0.4350586,-0.4707031,1.063965,0.08073275,-0.1668895
1,42,0.8857422,-0.4389648,-0.5966797,0.8344727,0.07816747,-0.1657675
1,43,0.9619141,-0.4165039,-0.7119141,0.6982422,0.07122338,-0.1706782
1,44,0.9321289,-0.3369141,-0.6386719,0.4829102,0.06433726,-0.1701484
1,45,0.9472656,-0.3217773,-0.6005859,0.2431641,0.06363085,-0.1662133
1,46,0.965332,-0.3271484,-0.2568359,0.1489258,0.06595633,-0.1554043
1,47,0.9580078,-0.3198242,-0.7939453,0.2255859,0.06913863,-0.1482565
1,48,0.9682617,-0.3144531,-0.9248047,0.3276367,0.07136501,-0.1446573
1,49,0.9389648,-0.300293,-0.8837891,0.2749023,0.07549819,-0.1386609
1,50,0.9272461,-0.2856445,-0.8945313,0.1713867,0.0748494,-0.1417622
1,51,0.9301758,-0.2895508,-0.7524414,0.1279297,0.07470033,-0.1444506
1,52,0.9414063,-0.2680664,-0.7680664,0.1352539,0.07565083,-0.1446004
1,53,0.9633789,-0.2661133,-0.671875,0.2163086,0.07488608,-0.1482794
1,54,0.953125,-0.2719727,-0.7719727,0.487793,0.06958276,-0.1618099
1,55,0.9580078,-0.2675781,-0.6625977,0.796875,0.06745636,-0.1736572
1,56,0.9375,-0.2753906,-0.4985352,1.117188,0.06961766,-0.1721867
1,57,0.9594727,-0.2836914,-0.07666016,1.418945,0.07294774,-0.1711372
1,58,0.9594727,-0.2792969,0.1967773,1.34375,0.07372324,-0.1717214
1,59,0.934082,-0.277832,0.2617188,1.098145,0.07454444,-0.1721257
1,60,0.9570313,-0.2802734,0.06054688,1.018066,0.07493631,-0.1723903
1,61,0.9902344,-0.296875,-0.1230469,0.8930664,0.07622827,-0.172205
1,62,0.940918,-0.2832031,-0.3017578,0.887207,0.07581168,-0.1722317
1,63,0.953125,-0.2607422,-0.5351563,0.8071289,0.07500617,-0.1722293
1,64,0.9501953,-0.265625,-0.7158203,0.7255859,0.07450173,-0.1722922
1,65,0.9472656,-0.2705078,-0.8364258,0.7280273,0.07410294,-0.1723535
1,66,0.9438477,-0.2802734,-0.6870117,0.7958984,0.07392323,-0.1723699
1,67,0.9418945,-0.2719727,-0.559082,0.8759766,0.07376577,-0.1724386
1,68,0.9550781,-0.2636719,-0.4516602,0.9145508,0.07380699,-0.1725828
1,69,0.9492188,-0.2700195,-0.3959961,0.894043,0.07340684,-0.1726997
1,70,0.9487305,-0.2563477,-0.4121094,0.8852539,0.07341365,-0.1727895
1,71,0.9511719,-0.284668,-0.4404297,0.859375,0.07349692,-0.1728586
1,72,0.9365234,-0.2670898,-0.4580078,0.8339844,0.07336201,-0.1729949
1,73,0.9550781,-0.2797852,-0.4755859,0.8608398,0.07322254,-0.1731736
1,74,0.949707,-0.2719727,-0.4677734,0.8632813,0.07336096,-0.173321
1,75,0.9492188,-0.2817383,-0.4423828,0.8881836,0.0735046,-0.1734613
1,76,0.9526367,-0.2583008,-0.5820313,0.6953125,0.07365724,-0.1735629
1,77,0.9423828,-0.2729492,-0.652832,0.5766602,0.07359443,-0.1736347
1,78,0.9560547,-0.2714844,-0.7109375,0.6459961,0.07399116,-0.1735871
1,79,0.9428711,-0.2797852,-0.3618164,0.8349609,0.07368185,-0.1740804
1,80,0.9580078,-0.2514648,-0.1313477,0.8999023,0.0733998,-0.1744376
1,81,0.956543,-0.2563477,-0.1713867,1.03418,0.07538532,-0.1750388
1,82,0.9238281,-0.2602539,-0.5654297,1.084473,0.07618762,-0.1754136
1,83,0.9907227,-0.265625,-0.3237305,0.9140625,0.07697612,-0.1758608
1,84,1.01123,-0.2822266,-0.4018555,0.7060547,0.07778469,-0.1764334
1,85,0.925293,-0.3046875,-0.2700195,0.8115234,0.07782164,-0.1767081
1,86,0.9726563,-0.2973633,-0.3994141,0.8305664,0.07781223,-0.1768001
1,87,0.918457,-0.2836914,-0.5371094,0.9995117,0.07895314,-0.1771234
1,88,0.9658203,-0.2456055,-0.3320313,0.8432617,0.07968588,-0.1773447
1,89,0.9072266,-0.3125,-0.3320313,0.8447266,0.0795839,-0.1773938
1,90,0.9174805,-0.2470703,-0.1733398,0.8144531,0.07959308,-0.1773716
1,91,0.965332,-0.2758789,-0.01953125,0.7446289,0.07948295,-0.1774481
1,92,0.9345703,-0.2763672,-0.04003906,0.703125,0.08025591,-0.1775437
1,93,0.9628906,-0.2695313,-0.2871094,0.7011719,0.08058447,-0.1776606
1,94,0.956543,-0.2685547,-0.1806641,0.7246094,0.07984524,-0.1773843
1,95,0.9267578,-0.2744141,0.1796875,0.668457,0.08027446,-0.1773325
1,96,0.9560547,-0.2617188,0.5507813,0.5986328,0.08048211,-0.1771962
1,97,0.9394531,-0.2744141,0.8334961,0.449707,0.08067703,-0.1771224
1,98,0.9633789,-0.2709961,0.9785156,0.5151367,0.08117171,-0.1770236
1,99,0.9462891,-0.2807617,1.064453,0.4287109,0.08195535,-0.177123
1,100,0.9477539,-0.2788086,0.9804688,0.4013672,0.08482938,-0.1779472
1,101,0.949707,-0.2768555,0.9433594,0.3344727,0.08713771,-0.1783352
1,102,0.953125,-0.2851563,0.9155273,0.2958984,0.08883744,-0.1787744
1,103,0.9487305,-0.2734375,0.934082,0.2929688,0.08971541,-0.1789545
1,104,0.9428711,-0.2807617,0.9287109,0.2578125,0.09055787,-0.1789579
2,0,0.9580078,-0.2592773,0.8862305,0.3979492,0.07244147,-0.149465
2,1,0.9584961,-0.2836914,0.8911133,0.3974609,0.07224495,-0.1495565
2,2,0.9589844,-0.2827148,0.8867188,0.3979492,0.07202151,-0.1497356
2,3,0.9536133,-0.2915039,0.8891602,0.3945313,0.07168203,-0.1498911
2,4,0.9545898,-0.2807617,0.8862305,0.3925781,0.07170454,-0.149986
2,5,0.9550781,-0.277832,0.8930664,0.3950195,0.07160526,-0.1500292
2,6,0.9594727,-0.2729492,0.8920898,0.3925781,0.07153229,-0.1501011
2,7,0.9550781,-0.2763672,0.8916016,0.3876953,0.07150047,-0.150122
2,8,0.9716797,-0.3339844,0.8837891,0.394043,0.07138254,-0.1501106
2,9,1.007324,-0.5664063,0.8999023,0.4804688,0.07137073,-0.1500376
2,10,0.9477539,-0.4189453,1.083008,0.6162109,0.07124628,-0.1496183
2,11,1.133301,-0.3920898,1.01123,0.7817383,0.07124609,-0.1491337
2,12,0.8632813,-0.6186523,0.831543,0.9912109,0.0714761,-0.1481707
2,13,0.6831055,-0.2734375,0.2866211,0.4960938,0.07276622,-0.1471782
2,14,0.8022461,-0.3969727,0.001464844,0.2958984,0.072793,-0.1457073
2,15,0.8334961,-0.1235352,-0.1601563,0.1044922,0.07181608,-0.1444016
2,16,-0.05810547,0.05566406,0.3212891,0.9941406,0.07124946,-0.1429074
2,17,0.859375,0.03515625,0.1865234,0.3476563,0.07107431,-0.1422993
2,18,-0.137207,-1.018066,-0.1088867,1.014648,0.07084785,-0.1416482
2,19,0.4658203,-0.4956055,-0.5947266,0.4418945,0.07047771,-0.1416255
2,20,0.3774414,-1.260254,-0.418457,0.5063477,0.0703283,-0.1410145
2,21,-0.03271484,-0.9829102,-0.1411133,0.34375,0.0696804,-0.1434019
2,22,0.1611328,-0.956543,-0.09960938,0.1762695,0.06976368,-0.1433307
2,23,0.371582,-0.9194336,0.02001953,1.033691,0.06996815,-0.1430047
2,24,0.3481445,-0.5444336,0.01708984,1.459961,0.07018731,-0.1426808
2,25,0.2646484,-0.9267578,-0.03027344,0.7753906,0.07058462,-0.142145
2,26,0.2749023,-0.7416992,-0.1982422,1.270996,0.07056895,-0.1415974
2,27,0.4619141,-0.9624023,-0.4365234,1.134766,0.07056744,-0.1419236
2,28,0.4243164,-1,-0.5126953,1.091309,0.07101221,-0.1436734
2,29,0.6557617,-0.675293,-0.5517578,0.9521484,0.07472761,-0.1418059
2,30,0.809082,-0.5776367,-0.6572266,0.6601563,0.07690171,-0.1411895
2,31,0.8369141,-0.4672852,-0.6108398,0.4248047,0.07736019,-0.1408204
2,32,0.9160156,-0.5063477,-0.6313477,0.2290039,0.07746411,-0.1407252
2,33,1.044922,-0.3564453,-0.6669922,0.1870117,0.07739166,-0.1404546
2,34,1.080078,-0.2875977,-0.8886719,0.09277344,0.08343901,-0.136166
2,35,1.020996,-0.2734375,-1.050293,0.2807617,0.08328728,-0.1363752
2,36,0.9482422,-0.3330078,-1.087891,0.3662109,0.08207379,-0.1373263
2,37,0.9287109,-0.3354492,-0.8041992,0.5234375,0.0811773,-0.1381181
2,38,0.9140625,-0.3120117,-0.8525391,0.394043,0.08083163,-0.1381036
2,39,0.9462891,-0.2446289,-0.8979492,0.1069336,0.08077978,-0.1376765
2,40,0.9599609,-0.3203125,-0.8134766,0.2666016,0.08064407,-0.1375631
2,41,0.9516602,-0.3408203,-0.793457,0.3183594,0.08014722,-0.1378453
2,42,0.9213867,-0.284668,-0.6967773,0.3706055,0.07949214,-0.1381642
2,43,0.9384766,-0.2680664,-0.8847656,0.3691406,0.07767854,-0.1394197
2,44,0.9589844,-0.2978516,-0.8862305,0.5400391,0.07588144,-0.1405916
2,45,0.9467773,-0.3061523,-0.6005859,0.8388672,0.07644041,-0.1421553
2,46,0.9658203,-0.300293,-0.4575195,1.179688,0.0769395,-0.1433092
2,47,0.9707031,-0.300293,-0.07617188,1.224609,0.07713372,-0.1444472
2,48,0.96875,-0.2978516,0.3408203,1.266602,0.07730318,-0.1453663
2,49,0.9550781,-0.262207,0.1762695,1.106445,0.077513,-0.1458011
2,50,0.9213867,-0.2875977,0.534668,1.077148,0.07733592,-0.1461557
2,51,0.9160156,-0.3071289,0.3354492,0.8925781,0.07715759,-0.1459543
2,52,0.9438477,-0.2758789,-0.004394531,1.031738,0.07646704,-0.1458464
2,53,0.9541016,-0.3212891,-0.2753906,1.154785,0.07452814,-0.1453803
2,54,0.9443359,-0.2529297,-0.4428711,1.028809,0.07004394,-0.1455502
2,55,0.956543,-0.2880859,-0.487793,0.8457031,0.0677586,-0.1458974
2,56,0.9858398,-0.2832031,-0.5390625,0.7758789,0.06643769,-0.1460765
2,57,0.987793,-0.2573242,-0.3452148,0.9633789,0.06586134,-0.1462086
2,58,0.9770508,-0.2841797,-0.1948242,1.010254,0.06546476,-0.1461017
2,59,0.9277344,-0.296875,-0.1733398,0.9228516,0.06525272,-0.145997
2,60,0.965332,-0.2524414,-0.5380859,0.871582,0.06514596,-0.1459863
2,61,0.9902344,-0.2587891,-0.6611328,1.014648,0.06507676,-0.1460683
2,62,0.9868164,-0.2773438,-0.3828125,1.191895,0.06559861,-0.1457356
2,63,0.9692383,-0.284668,-0.1103516,1.050293,0.06585417,-0.1451162
2,64,0.9467773,-0.2978516,0.3837891,0.972168,0.06905532,-0.1420927
2,65,0.8920898,-0.2724609,0.550293,0.7207031,0.07215607,-0.1425538
2,66,0.9306641,-0.2607422,0.550293,0.7207031,0.07316946,-0.1438743
2,67,0.9248047,-0.206543,0.4833984,0.7973633,0.0743713,-0.1449327
2,68,0.9174805,-0.4057617,-0.4624023,1.428223,0.07541746,-0.1449047
2,69,0.9370117,-0.2900391,0.06054688,0.703125,0.076071,-0.144613
2,70,0.9506836,-0.2885742,0.06054688,0.703125,0.07584988,-0.1448544
2,71,0.9628906,-0.2207031,0.06054688,0.703125,0.07585958,-0.1452275
2,72,0.9897461,-0.4545898,0.2124023,0.668457,0.07606099,-0.1451407
2,73,0.9765625,-0.2817383,0.1274414,0.6318359,0.07618027,-0.1448014
2,74,0.9453125,-0.2705078,-0.02929688,0.7680664,0.07603645,-0.1444351
2,75,0.9697266,-0.28125,-0.04101563,0.7387695,0.07558981,-0.1442142
2,76,0.9824219,-0.2919922,0.009765625,0.8793945,0.07455844,-0.1439313
2,77,0.9970703,-0.2084961,0.009277344,0.7841797,0.07395551,-0.1440262
2,78,0.9536133,-0.296875,0.4990234,1.023926,0.07158694,-0.1444324
2,79,0.9306641,-0.309082,0.7392578,0.9545898,0.06992276,-0.1445625
2,80,0.9506836,-0.2915039,0.9365234,0.5688477,0.06985078,-0.1450037
2,81,0.9306641,-0.2802734,1.03125,0.5449219,0.06995802,-0.1454944
2,82,0.9384766,-0.2548828,0.9379883,0.4277344,0.07012483,-0.1459212
2,83,0.9692383,-0.237793,0.9960938,0.3911133,0.07028955,-0.1463288
2,84,0.9887695,-0.2612305,1.007324,0.4614258,0.07064003,-0.1465598
2,85,0.965332,-0.2543945,0.9765625,0.1547852,0.07102738,-0.1469604
2,86,0.9545898,-0.2451172,0.953125,0.2338867,0.07140192,-0.1473584
2,87,0.9624023,-0.2509766,0.9223633,0.2104492,0.07172133,-0.1477136
2,88,0.965332,-0.2416992,0.9541016,0.1645508,0.07205217,-0.147813
2,89,0.9731445,-0.2514648,0.9736328,0.1665039,0.07229076,-0.1476555
2,90,0.9501953,-0.2563477,0.9638672,0.1621094,0.07243728,-0.1477259
2,91,0.9428711,-0.2573242,0.953125,0.2021484,0.0725744,-0.1478513
2,92,0.9477539,-0.2714844,0.9472656,0.1850586,0.07264007,-0.1479024
2,93,0.9462891,-0.2460938,0.9511719,0.1845703,0.07265923,-0.1478754
2,94,0.9667969,-0.2739258,0.9487305,0.1826172,0.07268199,-0.1478354
2,95,0.9628906,-0.2680664,0.9511719,0.1865234,0.07268606,-0.1478389
2,96,0.9604492,-0.2666016,0.9545898,0.1860352,0.07271467,-0.1478903
2,97,0.9672852,-0.2734375,0.9545898,0.1977539,0.07273693,-0.147942
2,98,0.9594727,-0.2612305,0.956543,0.1987305,0.07275599,-0.1479517
2,99,0.9580078,-0.262207,0.9458008,0.1977539,0.07265715,-0.1479554
2,100,0.9584961,-0.2636719,0.9501953,0.199707,0.07266848,-0.1480416
2,101,0.9580078,-0.2612305,0.9541016,0.2016602,0.07257791,-0.1481731
2,102,0.9628906,-0.2504883,0.9511719,0.2055664,0.07251774,-0.1483392
2,103,0.9663086,-0.2529297,0.9477539,0.2075195,0.07251105,-0.148338
2,104,0.9594727,-0.2558594,0.949707,0.2041016,0.07247051,-0.1483951
3,0,0.9291992,-0.3125,0.9052734,0.3447266,-0.114785,-0.05949865
3,1,0.9301758,-0.3120117,0.9057617,0.3432617,-0.1147325,-0.05950295
3,2,0.9233398,-0.3115234,0.9047852,0.3500977,-0.1145896,-0.05953278
3,3,0.9296875,-0.3203125,0.9086914,0.3544922,-0.1143519,-0.05957304
3,4,0.9282227,-0.3208008,0.902832,0.3564453,-0.114242,-0.05953319
3,5,0.9262695,-0.3071289,0.9067383,0.3496094,-0.1139943,-0.05955672
3,6,0.9316406,-0.3134766,0.9179688,0.3564453,-0.1137213,-0.0596782
3,7,0.9638672,-0.3085938,0.9492188,0.3701172,-0.1136464,-0.0597248
3,8,0.9638672,-0.3085938,0.9492188,0.3701172,-0.1135558,-0.05974429
3,9,0.9243164,-0.3476563,0.8647461,0.277832,-0.1134564,-0.05976289
3,10,0.8920898,-0.2319336,0.871582,0.3818359,-0.1132164,-0.05969791
3,11,0.8935547,-0.3442383,0.9643555,0.3325195,-0.1129981,-0.05966298
3,12,0.9038086,-0.3618164,0.918457,0.3398438,-0.1127058,-0.05962744
3,13,0.9682617,-0.2695313,0.8901367,0.2329102,-0.1125851,-0.05965918
3,14,0.9682617,-0.2695313,0.8901367,0.2329102,-0.1124372,-0.05967179
3,15,0.9321289,-0.2578125,0.9453125,0.3769531,-0.1123473,-0.05965853
3,16,0.9487305,-0.3105469,0.934082,0.3422852,-0.1122457,-0.05967356
3,17,0.9345703,-0.3198242,0.9150391,0.3754883,-0.1120852,-0.05976276
3,18,0.9296875,-0.3129883,0.8735352,0.3144531,-0.1120489,-0.05973484
3,19,0.9477539,-0.284668,0.8720703,0.3486328,-0.1120032,-0.05968964
3,20,0.9467773,-0.3208008,0.8881836,0.3295898,-0.1119253,-0.0597161
3,21,0.9243164,-0.3007813,0.9042969,0.3408203,-0.1119064,-0.05973592
3,22,0.925293,-0.296875,0.965332,0.3339844,-0.1118827,-0.05972265
3,23,0.9575195,-0.3051758,0.909668,0.3193359,-0.1118212,-0.05971669
3,24,0.925293,-0.2382813,0.9106445,0.3798828,-0.1117272,-0.05967113
3,25,0.9145508,-0.3334961,0.9511719,0.4672852,-0.1115267,-0.05956372
3,26,0.9458008,-0.3320313,1.113281,0.4760742,-0.1114454,-0.05946653
3,27,1.168945,-0.4155273,1.254395,0.4873047,-0.1113584,-0.05944673
3,28,1.041992,-0.4238281,1.031738,0.5307617,-0.1112866,-0.05940172
3,29,0.7963867,-0.4736328,0.3164063,0.3642578,-0.1110346,-0.05887765
3,30,0.5649414,-0.3457031,0.06298828,0.2573242,-0.1103082,-0.05829928
3,31,0.449707,-0.1767578,-0.03710938,0.1425781,-0.1097876,-0.05747318
3,32,0.3901367,-0.1967773,-0.1508789,0.1235352,-0.1093806,-0.05629862
3,33,0.4414063,-0.1982422,-0.1640625,0.2495117,-0.1093375,-0.05588217
3,34,0.543457,-0.2338867,-0.09814453,0.387207,-0.1092813,-0.0550571
3,35,0.3930664,-0.2319336,0.4404297,0.6831055,-0.1093261,-0.0543759
3,36,1.193359,-0.08837891,-0.9892578,0.3061523,-0.1093198,-0.05388428
3,37,0.5200195,-0.5688477,-0.1494141,0.3666992,-0.1091894,-0.0535125
3,38,0.1665039,-0.3886719,0.2954102,0.71875,-0.1091194,-0.05318128
3,39,0.2236328,-0.4150391,-0.4790039,0.5610352,-0.1091798,-0.0527344
3,40,0.2407227,-0.3813477,-0.3271484,0.5830078,-0.1093237,-0.05232992
3,41,0.2041016,-0.5600586,-0.5161133,0.6264648,-0.1097878,-0.05178678
3,42,0.07324219,-0.4936523,-0.434082,0.4750977,-0.1102254,-0.05156162
3,43,0.05566406,-0.8842773,-0.4384766,0.2802734,-0.1105566,-0.05156333
3,44,0.1054688,-0.7509766,-0.2431641,0.4086914,-0.1108735,-0.05172743
3,45,0.04003906,-0.7250977,-0.1850586,0.5986328,-0.111406,-0.0518609
3,46,0.05419922,-0.6958008,-0.08447266,0.7836914,-0.1121652,-0.05150568
3,47,0.1645508,-0.6484375,-0.07470703,1.173828,-0.1125755,-0.05140411
3,48,0.1645508,-0.6484375,-0.1386719,1.22168,-0.1130115,-0.05133475
3,49,0.1772461,-0.715332,-0.07763672,1.05957,-0.1136462,-0.05131711
3,50,0.1020508,-0.6323242,-0.2490234,1.041016,-0.1138673,-0.05138459
3,51,0.3286133,-0.5878906,-0.2119141,0.9082031,-0.1145439,-0.05151927
3,52,0.3754883,-0.7016602,-0.2138672,0.8266602,-0.1151328,-0.05179769
3,53,0.6547852,-0.5009766,-0.1782227,0.8623047,-0.1152295,-0.05198054
3,54,0.9814453,-0.4018555,-0.1625977,0.8911133,-0.1150062,-0.05204473
3,55,0.9399414,-0.4042969,-0.2060547,0.9472656,-0.1150868,-0.05211129
3,56,0.9858398,-0.3300781,-0.3911133,0.9648438,-0.1161488,-0.05272108
3,57,0.996582,-0.3388672,-0.9536133,0.6225586,-0.118763,-0.05708821
3,58,0.9526367,-0.3320313,-1.009766,0.6938477,-0.1188093,-0.0572788
3,59,0.9208984,-0.3374023,-0.934082,0.3833008,-0.118353,-0.05717837
3,60,0.9404297,-0.3325195,-0.5043945,0.3066406,-0.1180518,-0.05724124
3,61,0.9404297,-0.3325195,-0.5043945,0.3066406,-0.1175936,-0.05739895
3,62,0.9189453,-0.3378906,-0.4580078,0.1582031,-0.1168425,-0.05762613
3,63,0.9057617,-0.315918,-0.7138672,0.2729492,-0.1159909,-0.0574562
3,64,0.9072266,-0.3466797,-1.046387,0.3896484,-0.1158172,-0.05744371
3,65,0.9560547,-0.3232422,-1.043945,0.3857422,-0.1158608,-0.0577266
3,66,0.9472656,-0.3369141,-0.9130859,0.3457031,-0.1158743,-0.05782734
3,67,0.9135742,-0.3398438,-0.6025391,0.2792969,-0.1156322,-0.05780129
3,68,0.8579102,-0.3139648,-0.6074219,0.3056641,-0.1154127,-0.05778022
3,69,0.9125977,-0.3427734,-0.7705078,0.394043,-0.1153901,-0.05786065
3,70,0.9301758,-0.3447266,-1.03418,0.6806641,-0.1152499,-0.0581275
3,71,0.9458008,-0.3276367,-1.108887,0.7543945,-0.1157213,-0.06087053
3,72,0.9145508,-0.3286133,-0.7783203,0.8544922,-0.1128827,-0.06659032
3,73,0.9101563,-0.3251953,-0.2626953,1.032227,-0.1127061,-0.06682952
3,74,0.9135742,-0.359375,-0.02392578,1.157715,-0.1116927,-0.06489396
3,75,0.9257813,-0.362793,0.3208008,0.9829102,-0.1113244,-0.06390888
3,76,0.9414063,-0.3383789,0.09667969,0.8945313,-0.1110615,-0.0634372
3,77,0.9438477,-0.3256836,-0.199707,0.8027344,-0.1109379,-0.06322389
3,78,0.9321289,-0.3081055,-0.4819336,0.7539063,-0.110906,-0.06319159
3,79,0.9155273,-0.3139648,-0.6210938,0.6464844,-0.1111906,-0.06300841
3,80,0.8808594,-0.3081055,-0.7402344,0.4589844,-0.1114869,-0.0627953
3,81,0.8823242,-0.3012695,-0.7807617,0.3491211,-0.1116404,-0.06286531
3,82,0.8886719,-0.3193359,-0.7197266,0.1508789,-0.1115689,-0.06276324
3,83,0.875,-0.3378906,-0.6875,0.265625,-0.1111262,-0.06241176
3,84,0.8989258,-0.331543,-0.6640625,0.3676758,-0.1108491,-0.06234139
3,85,0.9091797,-0.3398438,-0.5410156,0.4873047,-0.1101519,-0.06219704
3,86,0.9418945,-0.3710938,-0.4716797,0.6801758,-0.1091207,-0.0620193
3,87,0.9555664,-0.3393555,-0.328125,0.965332,-0.1088025,-0.06203646
3,88,0.9555664,-0.3393555,-0.328125,0.965332,-0.1079628,-0.06196161
3,89,0.9726563,-0.3408203,-0.1147461,0.9355469,-0.1072699,-0.06189963
3,90,0.9399414,-0.3530273,-0.02783203,0.5625,-0.1054893,-0.06190656
3,91,0.8964844,-0.324707,-0.2568359,0.5136719,-0.103174,-0.06205356
3,92,0.9511719,-0.2958984,-0.2871094,0.2509766,-0.1024581,-0.06218692
3,93,0.9345703,-0.3334961,-0.7954102,0.8642578,-0.1018821,-0.06226997
3,94,0.9003906,-0.3222656,-0.3818359,0.3222656,-0.1016721,-0.06219082
3,95,0.8764648,-0.3061523,-0.6098633,0.6738281,-0.1005928,-0.06214114
3,96,0.8554688,-0.3374023,-0.6660156,1.248047,-0.09983579,-0.06213774
3,97,0.9238281,-0.2988281,-0.0234375,0.2617188,-0.09943772,-0.06209407
3,98,0.9575195,-0.3203125,-0.2016602,0.480957,-0.09961858,-0.06181365
3,99,0.9501953,-0.3320313,-0.1098633,0.1323242,-0.1003666,-0.06080756
3,100,0.9501953,-0.3320313,-0.1098633,0.1323242,-0.1008521,-0.06034947
3,101,0.8969727,-0.2626953,1.074219,0.4575195,-0.1001164,-0.05992233
3,102,0.9375,-0.2929688,1.45459,0.9614258,-0.1016992,-0.0604279
3,103,0.965332,-0.40625,1.654785,0.02392578,-0.1015007,-0.06057348
3,104,0.9145508,-0.1943359,1.132324,1.311523,-0.0999218,-0.06054478
3,105,0.8979492,-0.3271484,0.9370117,0.3735352,-0.09865446,-0.06037123
3,106,0.9316406,-0.2543945,0.8320313,0.3774414,-0.09762095,-0.06035268
3,107,0.9272461,-0.3754883,0.7797852,0.5253906,-0.09654889,-0.06055987
3,108,0.8833008,-0.2807617,0.8828125,0.1259766,-0.09603488,-0.06056998
3,109,0.8979492,-0.2490234,1.026855,0.355957,-0.09530815,-0.06060316
3,110,0.921875,-0.3349609,1.03418,0.3505859,-0.094712,-0.06052507
3,111,0.9321289,-0.2651367,0.9501953,0.2739258,-0.09407084,-0.06046684
3,112,0.9204102,-0.3383789,0.9033203,0.2724609,-0.09384626,-0.0604102
3,113,0.9291992,-0.2875977,0.8618164,0.4003906,-0.09385648,-0.06038721
3,114,0.9321289,-0.2983398,0.8417969,0.4326172,-0.09395445,-0.06038145
3,115,0.9345703,-0.2890625,0.8540039,0.3125,-0.09421122,-0.06037353
3,116,0.9248047,-0.3330078,0.8515625,0.3217773,-0.0943222,-0.06037813
3,117,0.902832,-0.2553711,0.925293,0.2890625,-0.09437373,-0.06035795
4,0,0.9038086,-0.5869141,0.8642578,0.7329102,-0.08182525,-0.1609868
4,1,0.8149414,-0.7338867,0.8012695,0.8588867,-0.08193836,-0.1609871
4,2,0.7954102,-0.769043,0.6982422,0.8125,-0.08197293,-0.1609357
4,3,0.7700195,-0.9111328,0.5327148,0.6499023,-0.08196251,-0.1609248
4,4,0.7700195,-0.9111328,0.5327148,0.6499023,-0.08186822,-0.1609475
4,5,0.7729492,-0.9345703,0.4106445,0.6274414,-0.08185749,-0.160928
4,6,0.7124023,-0.9389648,0.1865234,0.590332,-0.08203351,-0.1608361
4,7,0.519043,-0.8378906,0.03613281,0.5292969,-0.08287665,-0.1601644
4,8,0.4985352,-0.90625,0.03320313,0.3730469,-0.08312201,-0.1599174
4,9,0.3774414,-0.8388672,-0.125,0.4941406,-0.08347108,-0.1592373
4,10,0.3774414,-0.8388672,-0.125,0.4941406,-0.08361655,-0.1590113
4,11,0.3491211,-0.7084961,-0.05371094,0.4589844,-0.08374219,-0.1587705
4,12,0.246582,-0.7382813,0.05517578,0.5166016,-0.08386635,-0.1584471
4,13,0.1567383,-0.715332,-0.01708984,0.6386719,-0.08407408,-0.1582605
4,14,-0.05615234,-0.5634766,-0.01806641,0.3330078,-0.08416668,-0.1581397
4,15,0.2866211,-0.9755859,-0.1455078,0.7583008,-0.08415861,-0.1580986
4,16,0.02197266,-1.046875,-0.006347656,0.6020508,-0.08415572,-0.1578892
4,17,-0.190918,-0.6967773,-0.1298828,0.7739258,-0.08414792,-0.157845
4,18,-0.04003906,-0.9570313,-0.1303711,0.965332,-0.08414704,-0.157834
4,19,-0.02392578,-0.9082031,-0.1860352,0.9223633,-0.08409952,-0.1577445
4,20,-0.05615234,-0.8574219,-0.2363281,0.9257813,-0.08405659,-0.1575699
4,21,-0.03759766,-0.9624023,-0.2998047,0.8354492,-0.0839842,-0.1574652
4,22,-0.05175781,-0.9941406,-0.3710938,0.8007813,-0.08388609,-0.1572129
4,23,-0.07763672,-1.019531,-0.3950195,0.7680664,-0.08380023,-0.1571815
4,24,-0.05761719,-1.14502,-0.4223633,0.7441406,-0.08370793,-0.1570668
4,25,-0.06982422,-1.040527,-0.4560547,0.7275391,-0.08365333,-0.1570124
4,26,-0.09863281,-1.11084,-0.3168945,0.7348633,-0.08402646,-0.1570428
4,27,-0.1303711,-0.8911133,-0.2875977,0.7836914,-0.0840935,-0.1568668
4,28,-0.121582,-0.965332,0.1489258,0.9946289,-0.08409294,-0.1567906
4,29,-0.1020508,-0.9306641,0.1391602,1.086914,-0.08419148,-0.1568283
4,30,-0.08349609,-0.980957,0.06835938,1.175293,-0.08420275,-0.156825
4,31,-0.04296875,-0.9946289,-0.09130859,1.141113,-0.08435093,-0.1567213
4,32,-0.05908203,-0.9951172,-0.1879883,1.080566,-0.08448985,-0.1567079
4,33,-0.09570313,-0.9414063,-0.1459961,0.9824219,-0.08452548,-0.1567124
4,34,-0.109375,-0.9511719,-0.1166992,0.996582,-0.08477306,-0.1567211
4,35,-0.09375,-0.9897461,-0.1191406,1.007813,-0.08495704,-0.1567115
4,36,-0.08056641,-0.9682617,-0.1171875,1.050781,-0.08522424,-0.1566694
4,37,-0.07128906,-0.9912109,-0.08496094,1.126465,-0.08565021,-0.1566661
4,38,-0.04589844,-0.9423828,-0.2045898,1.211426,-0.08600686,-0.1566603
4,39,-0.02441406,-0.921875,-0.3007813,1.239258,-0.08638072,-0.1567078
4,40,-0.005371094,-0.8813477,-0.4731445,1.263184,-0.08720545,-0.1567446
4,41,0.02050781,-0.8671875,-0.4946289,1.258789,-0.08838687,-0.1573507
4,42,0.07373047,-0.9174805,-0.5844727,1.112305,-0.08966789,-0.1601881
4,43,0.09228516,-0.9248047,-0.6572266,0.9267578,-0.09256157,-0.1630454
4,44,0.112793,-0.9819336,-0.7495117,0.8037109,-0.09378397,-0.164041
4,45,0.2080078,-0.9785156,-0.6455078,0.6254883,-0.09398334,-0.1642602
4,46,0.246582,-0.9233398,-0.5834961,0.3344727,-0.09345106,-0.1641227
4,47,0.4169922,-0.9116211,-0.5400391,0.1577148,-0.09293666,-0.1637719
4,48,0.5356445,-0.9082031,-0.5478516,0.06396484,-0.09194508,-0.1632185
4,49,0.5942383,-0.8847656,-0.7617188,-0.08935547,-0.08937877,-0.1620241
4,50,0.6582031,-0.8691406,-0.7949219,0.000488281,-0.08781467,-0.1613297
4,51,0.7509766,-0.8154297,-0.8647461,0.09521484,-0.0862433,-0.1603683
4,52,0.809082,-0.7124023,-0.8588867,0.04150391,-0.08612633,-0.1602457
4,53,0.8330078,-0.6567383,-0.8500977,0.1376953,-0.08603637,-0.1601034
4,54,0.8486328,-0.6235352,-0.8012695,0.2543945,-0.086069,-0.1600467
4,55,0.8779297,-0.6132813,-0.8974609,0.2597656,-0.08618709,-0.1600013
4,56,0.871582,-0.5874023,-0.9394531,0.3427734,-0.08630471,-0.160081
4,57,0.8681641,-0.5566406,-0.9492188,0.5170898,-0.08687215,-0.1607241
4,58,0.8588867,-0.5195313,-0.7475586,0.7348633,-0.08702499,-0.1615648
4,59,0.8310547,-0.5854492,-0.6000977,1.091797,-0.08819402,-0.1657462
4,60,0.8310547,-0.5854492,-0.6000977,1.091797,-0.08952735,-0.1680421
4,61,0.878418,-0.5180664,-0.1821289,0.9931641,-0.0901131,-0.1687659
4,62,0.8486328,-0.4682617,-0.07666016,1.251953,-0.09004773,-0.1688348
4,63,0.8901367,-0.3999023,0.07324219,1.105957,-0.08858465,-0.1684727
4,64,0.9145508,-0.4121094,-0.02148438,0.9516602,-0.08825222,-0.1682034
4,65,0.894043,-0.4140625,-0.06005859,0.9223633,-0.08789487,-0.1678953
4,66,0.894043,-0.4140625,-0.06005859,0.9223633,-0.08782419,-0.1678514
4,67,0.8618164,-0.4272461,-0.1264648,0.9072266,-0.08782111,-0.1678463
4,68,0.8642578,-0.4985352,-0.1499023,0.8779297,-0.08795528,-0.1677736
4,69,0.8696289,-0.5253906,-0.3969727,0.8979492,-0.08849731,-0.1677617
4,70,0.8808594,-0.5126953,-0.5161133,0.909668,-0.08927342,-0.1676605
4,71,0.8916016,-0.4907227,-0.5722656,0.8901367,-0.09147724,-0.1679312
4,72,0.8813477,-0.4838867,-0.6132813,0.8862305,-0.09421396,-0.1679402
4,73,0.8725586,-0.4970703,-0.5996094,0.8466797,-0.09475643,-0.1678349
4,74,0.8725586,-0.4970703,-0.5996094,0.8466797,-0.09507881,-0.1677429
4,75,0.8525391,-0.5102539,-0.5986328,0.8398438,-0.09529301,-0.1675786
4,76,0.8525391,-0.534668,-0.5830078,0.8603516,-0.09542183,-0.1674118
4,77,0.8686523,-0.5185547,-0.5048828,0.8911133,-0.09537545,-0.1670174
4,78,0.8603516,-0.5087891,-0.4487305,0.9223633,-0.09536162,-0.1667928
4,79,0.8891602,-0.4594727,-0.3598633,0.9399414,-0.0952689,-0.1666456
4,80,0.8896484,-0.4438477,-0.3398438,0.8764648,-0.09474767,-0.1660415
4,81,0.8862305,-0.434082,-0.378418,0.7587891,-0.09445094,-0.1657092
4,82,0.8881836,-0.4365234,-0.3999023,0.847168,-0.09421755,-0.1654524
4,83,0.8881836,-0.4365234,-0.3999023,0.847168,-0.09376492,-0.1652727
4,84,0.8896484,-0.4487305,-0.4765625,0.8857422,-0.09336376,-0.1648251
4,85,0.8876953,-0.4648438,-0.4868164,0.8740234,-0.09224214,-0.1642301
4,86,0.8789063,-0.487793,-0.1870117,0.9389648,-0.09135868,-0.1638075
4,87,0.8823242,-0.4951172,-0.3168945,1.057617,-0.08949513,-0.1631213
4,88,0.890625,-0.4633789,-0.2470703,1.034668,-0.08790597,-0.1625343
4,89,0.8867188,-0.4467773,-0.3388672,0.9628906,-0.08678033,-0.162311
4,90,0.8808594,-0.4287109,-0.2490234,1.003418,-0.08524758,-0.1622689
4,91,0.8833008,-0.4267578,-0.2856445,0.9116211,-0.08239521,-0.1626003
4,92,0.8764648,-0.4155273,-0.3476563,0.8896484,-0.08154549,-0.1627272
4,93,0.8803711,-0.4150391,-0.3696289,0.8125,-0.08076721,-0.1628823
4,94,0.8803711,-0.4150391,-0.3696289,0.8125,-0.08031183,-0.1629231
4,95,0.8842773,-0.4418945,-0.3696289,0.8125,-0.07999074,-0.1628273
4,96,0.8842773,-0.4418945,-0.5678711,1.067871,-0.07974619,-0.1627869
4,97,0.902832,-0.4228516,-0.2797852,0.7612305,-0.07921325,-0.162747
4,98,0.875,-0.527832,-0.3857422,0.9916992,-0.07904698,-0.1626853
4,99,0.8657227,-0.5200195,-0.4228516,0.8115234,-0.07878856,-0.1626934
4,100,0.871582,-0.4130859,-0.7285156,0.9321289,-0.07874206,-0.1625759
4,101,0.8544922,-0.5595703,-0.3764648,0.6777344,-0.07869269,-0.1625155
4,102,0.8828125,-0.3652344,-0.4702148,0.9116211,-0.07865328,-0.162482
4,103,0.887207,-0.5444336,-0.5107422,0.7841797,-0.07849699,-0.1623948
4,104,0.8818359,-0.5927734,-0.4970703,0.8266602,-0.07841457,-0.1623445
4,105,0.8666992,-0.5537109,-0.4755859,0.8466797,-0.07850605,-0.1622367
4,106,0.8916016,-0.4145508,-0.3642578,0.7905273,-0.07849939,-0.16224
4,107,0.8774414,-0.4677734,-0.3081055,0.7480469,-0.07841173,-0.1622511
4,108,0.8676758,-0.4716797,-0.3056641,0.7348633,-0.07843298,-0.1620388
4,109,0.8657227,-0.453125,-0.2133789,0.7592773,-0.07850602,-0.1619629
4,110,0.8837891,-0.4555664,-0.1791992,0.7675781,-0.07872812,-0.1618176
4,111,0.8828125,-0.4575195,-0.02636719,0.8232422,-0.07919323,-0.1611925
4,112,0.8818359,-0.4575195,0.07958984,0.8515625,-0.07947574,-0.1609284
4,113,0.8671875,-0.4824219,0.2231445,0.9536133,-0.07990512,-0.1605112
4,114,0.8671875,-0.4824219,0.2231445,0.9536133,-0.08007993,-0.1602571
4,115,0.8720703,-0.480957,0.5063477,0.9584961,-0.08036415,-0.1602313
4,116,0.8735352,-0.4750977,0.6430664,0.9599609,-0.08051073,-0.160151
4,117,0.8735352,-0.4750977,0.6899414,0.8911133,-0.08182079,-0.160088
4,118,0.8735352,-0.4750977,0.8051758,0.8310547,-0.08282023,-0.160192
4,119,0.8735352,-0.4750977,0.7685547,0.7446289,-0.08336665,-0.1602419
4,120,0.8671875,-0.4760742,0.7973633,0.7124023,-0.0837852,-0.1601605
4,121,0.8681641,-0.4619141,0.8603516,0.6796875,-0.08382236,-0.1601613
4,122,0.8681641,-0.4619141,0.8505859,0.6113281,-0.08382992,-0.160167
4,123,0.8681641,-0.4619141,0.8735352,0.5942383,-0.08378886,-0.160167
4,124,0.8681641,-0.4619141,0.8735352,0.5942383,-0.08367617,-0.1601881
4,125,0.8681641,-0.4619141,0.8759766,0.6035156,-0.08358457,-0.1601884
4,126,0.8857422,-0.4643555,0.8710938,0.5610352,-0.0835587,-0.1601681
4,127,0.8847656,-0.4599609,0.8706055,0.534668,-0.08347507,-0.1602356
4,128,0.8769531,-0.4570313,0.8808594,0.5039063,-0.08326258,-0.1602888
4,129,0.890625,-0.4521484,0.8583984,0.4931641,-0.08319113,-0.1603415
4,130,0.8969727,-0.4458008,0.8256836,0.5317383,-0.08308743,-0.160332
4,131,0.8979492,-0.440918,0.8925781,0.4091797,-0.08300098,-0.1603227
4,132,0.887207,-0.4301758,0.9023438,0.3886719,-0.08269896,-0.1602879
4,133,0.8959961,-0.4326172,0.8955078,0.3696289,-0.08263925,-0.1602947
4,134,0.8959961,-0.4326172,0.8852539,0.3681641,-0.08256371,-0.1603086
4,135,0.8959961,-0.4326172,0.8852539,0.3681641,-0.08252913,-0.1602902
4,136,0.8876953,-0.4375,0.8847656,0.3837891,-0.08248542,-0.1602708
4,137,0.8828125,-0.4306641,0.8950195,0.3823242,-0.08244418,-0.160241
4,138,0.8828125,-0.4306641,0.9018555,0.3916016,-0.08242948,-0.1602334
4,139,0.8842773,-0.4370117,0.9033203,0.3808594,-0.0823332,-0.1602224
4,140,0.8842773,-0.4370117,0.8999023,0.3754883,-0.08227018,-0.1602192
4,141,0.8842773,-0.4370117,0.9008789,0.3774414,-0.08224398,-0.1601802
4,142,0.8842773,-0.4370117,0.8930664,0.3793945,-0.08221249,-0.1601591
4,143,0.8842773,-0.4482422,0.8989258,0.378418,-0.08217347,-0.1601581
4,144,0.887207,-0.4511719,0.8979492,0.3813477,-0.08217146,-0.1601454
4,145,0.887207,-0.4511719,0.8979492,0.3813477,-0.08215225,-0.1601526
4,146,0.8862305,-0.4443359,0.8925781,0.378418,-0.0821454,-0.1601611
4,147,0.8925781,-0.4453125,0.8959961,0.3911133,-0.08211765,-0.1601707
4,148,0.8852539,-0.4443359,0.8930664,0.3852539,-0.08211663,-0.1601719
4,149,0.8862305,-0.4414063,0.8935547,0.3896484,-0.08209887,-0.1601938
4,150,0.887207,-0.4467773,0.8984375,0.3813477,-0.08199368,-0.1601554
4,151,0.8901367,-0.4472656,0.8950195,0.3876953,-0.08197001,-0.1601613
4,152,0.8925781,-0.4438477,0.8935547,0.3813477,-0.0819606,-0.1601717
4,153,0.887207,-0.4472656,0.8930664,0.3847656,-0.08181996,-0.1602233
4,154,0.8852539,-0.440918,0.9013672,0.3852539,-0.08181825,-0.1602173
4,155,0.8852539,-0.440918,0.8984375,0.3857422,-0.08179011,-0.1602166
4,156,0.8876953,-0.4448242,0.8969727,0.3857422,-0.08178617,-0.1602226
4,157,0.8862305,-0.4423828,0.8974609,0.3764648,-0.08177804,-0.1602216
4,158,0.8862305,-0.4423828,0.8984375,0.3823242,-0.08171109,-0.1602285
4,159,0.8842773,-0.4443359,0.8950195,0.3818359,-0.08169061,-0.1602608
4,160,0.8842773,-0.4487305,0.8959961,0.3808594,-0.08166903,-0.1602817
4,161,0.8828125,-0.4545898,0.8955078,0.3793945,-0.08161444,-0.1602649
4,162,0.8798828,-0.4492188,0.8994141,0.387207,-0.08160676,-0.1602734
5,0,0.9482422,-0.3139648,0.9033203,0.371582,0.06472187,-0.2549254
5,1,0.9487305,-0.3041992,0.902832,0.3681641,0.06471215,-0.2548824
5,2,0.9482422,-0.3046875,0.8989258,0.3671875,0.06470887,-0.2551359
5,3,0.9448242,-0.3012695,0.8979492,0.3632813,0.06466962,-0.2551953
5,4,0.9511719,-0.3061523,0.9057617,0.3671875,0.06455451,-0.2549858
5,5,0.9453125,-0.3022461,0.8984375,0.3662109,0.06441375,-0.2547087
5,6,0.9428711,-0.3066406,0.9008789,0.3681641,0.06365059,-0.2544085
5,7,0.9414063,-0.3056641,0.909668,0.3647461,0.06371004,-0.2545122
5,8,0.9438477,-0.3071289,0.9082031,0.3637695,0.0637133,-0.2545622
5,9,0.9458008,-0.3051758,0.8969727,0.371582,0.06360929,-0.2544723
5,10,0.9448242,-0.3051758,0.8989258,0.3696289,0.06353936,-0.2542897
5,11,0.9433594,-0.3051758,0.902832,0.3730469,0.06352934,-0.2543211
5,12,0.9477539,-0.3095703,0.9023438,0.3881836,0.06289721,-0.2543394
5,13,0.9575195,-0.3178711,0.9492188,0.4545898,0.06282971,-0.2544561
5,14,0.934082,-0.3027344,1.043945,0.409668,0.06258881,-0.2543668
5,15,0.9438477,-0.3081055,0.8134766,0.6469727,0.05889569,-0.2531663
5,16,0.9555664,-0.2963867,0.5024414,0.5708008,0.0578618,-0.2531469
5,17,0.9707031,-0.2949219,0.2421875,0.5737305,0.05696654,-0.253163
5,18,0.9213867,-0.3168945,-0.002441406,0.6601563,0.05743317,-0.2530582
5,19,0.9458008,-0.3134766,0.1303711,0.4970703,0.05808486,-0.2529435
5,20,0.9335938,-0.3212891,-0.1665039,0.5302734,0.05878442,-0.2530895
5,21,0.9458008,-0.3266602,-0.1152344,0.527832,0.05955449,-0.253142
5,22,0.9277344,-0.3344727,-0.2041016,0.5634766,0.060589,-0.2532466
5,23,0.8813477,-0.2792969,-0.1455078,0.7182617,0.06042594,-0.2530698
5,24,0.996582,-0.2597656,-0.1455078,0.7182617,0.06057535,-0.2529464
5,25,0.8959961,-0.262207,-0.371582,1.001465,0.0608797,-0.2529991
5,26,0.9189453,-0.4555664,-0.4516602,0.7929688,0.06099657,-0.2530738
5,27,0.9433594,-0.3066406,-0.6601563,0.6420898,0.06093226,-0.2532383
5,28,1.004883,-0.2729492,-0.3969727,0.4526367,0.05972253,-0.2531807
5,29,0.9072266,-0.2158203,-0.2480469,1.029297,0.05978947,-0.2531014
5,30,0.9438477,-0.4111328,-0.3774414,0.7519531,0.05988901,-0.2532887
5,31,0.9428711,-0.2993164,-0.1264648,0.4682617,0.05935184,-0.2540326
5,32,0.9179688,-0.3276367,-0.1850586,0.7280273,0.05656633,-0.2538114
5,33,0.9370117,-0.3271484,-0.1655273,0.7495117,0.05495987,-0.2532961
5,34,0.9682617,-0.3095703,0.1987305,0.7421875,0.05272986,-0.252861
5,35,0.9399414,-0.3110352,0.6328125,0.8369141,0.0510623,-0.2528613
5,36,0.9414063,-0.3037109,0.5458984,0.9433594,0.05028848,-0.2529884
5,37,0.9472656,-0.3198242,0.4160156,0.9228516,0.05010868,-0.2530008
5,38,0.953125,-0.3051758,0.1884766,0.7407227,0.05004212,-0.2528794
5,39,0.9248047,-0.3110352,0.05957031,0.6635742,0.05045334,-0.2529185
5,40,0.9575195,-0.2958984,-0.2558594,0.3149414,0.05115234,-0.2532421
5,41,0.9125977,-0.3720703,-0.331543,0.559082,0.05160165,-0.2535957
5,42,0.965332,-0.2827148,-0.002929688,0.7480469,0.05138416,-0.2535483
5,43,0.921875,-0.3325195,-0.1972656,0.7900391,0.05182387,-0.2536889
5,44,0.9448242,-0.3183594,-0.1577148,0.7978516,0.05179124,-0.2536567
5,45,0.9521484,-0.2949219,-0.3076172,0.8032227,0.05200578,-0.2538238
5,46,0.9458008,-0.3413086,-0.4130859,0.7485352,0.05238861,-0.2544434
5,47,0.9321289,-0.3271484,-0.4477539,0.6113281,0.05273388,-0.253489
5,48,0.9575195,-0.2988281,-0.5063477,0.597168,0.05154832,-0.2525872
5,49,0.9384766,-0.3300781,-0.5239258,0.5693359,0.0504311,-0.2527726
5,50,0.9394531,-0.3295898,-0.6108398,0.5698242,0.04981745,-0.2533114
5,51,0.9511719,-0.3325195,-0.6337891,0.6191406,0.04962343,-0.2536297
5,52,0.8984375,-0.3100586,-0.4794922,0.6757813,0.04988249,-0.2530727
5,53,0.9624023,-0.2807617,-0.5449219,0.5776367,0.05050563,-0.2509017
5,54,0.9658203,-0.3535156,-1.005859,0.1708984,0.05107747,-0.2506604
5,55,0.9238281,-0.3798828,-0.9702148,0.1196289,0.0505197,-0.2506677
5,56,0.9394531,-0.2817383,-0.9658203,0.1918945,0.05007718,-0.2506999
5,57,0.9658203,-0.2944336,-0.8398438,0.3291016,0.04999607,-0.2506923
5,58,0.9418945,-0.293457,-0.7958984,0.3803711,0.05000383,-0.2506683
5,59,0.9365234,-0.2939453,-0.8037109,0.3779297,0.05003117,-0.2506571
5,60,0.9306641,-0.3476563,-0.7631836,0.3652344,0.05011164,-0.2506076
5,61,0.9082031,-0.3569336,-0.565918,0.4975586,0.0504368,-0.2508622
5,62,0.9321289,-0.2685547,-0.5356445,0.5981445,0.0505674,-0.2511517
5,63,0.9624023,-0.2871094,-0.2514648,0.5859375,0.05048713,-0.2511661
5,64,0.9394531,-0.3417969,-0.09277344,0.6098633,0.05023315,-0.2511511
5,65,0.9560547,-0.3325195,-0.04150391,0.6933594,0.05002386,-0.2511264
5,66,0.956543,-0.3046875,0.2553711,0.7246094,0.04997346,-0.2510389
5,67,0.9594727,-0.2915039,0.5698242,0.668457,0.05043418,-0.2511385
5,68,0.9458008,-0.3310547,0.7724609,0.8164063,0.05198457,-0.2514447
5,69,0.9448242,-0.3208008,1.081543,0.5429688,0.0542214,-0.2519261
5,70,0.9165039,-0.2973633,1.002441,0.5141602,0.05657022,-0.2526886
5,71,0.9462891,-0.309082,0.8383789,0.7021484,0.05688957,-0.25273
5,72,0.9345703,-0.3378906,0.9047852,0.3955078,0.05752288,-0.2527788
5,73,0.9365234,-0.3232422,0.8999023,0.3984375,0.05823553,-0.2528916
5,74,0.9360352,-0.3173828,0.8925781,0.409668,0.05878802,-0.2530529
5,75,0.940918,-0.309082,0.9082031,0.3740234,0.05937954,-0.2533222
5,76,0.9438477,-0.3286133,0.8945313,0.3491211,0.06008945,-0.2535419
5,77,0.9492188,-0.3125,0.8964844,0.3681641,0.06021154,-0.2535404
5,78,0.9389648,-0.3071289,0.8959961,0.359375,0.06018243,-0.2534755
5,79,0.9428711,-0.3217773,0.8896484,0.4101563,0.06035475,-0.2535646
5,80,0.9467773,-0.3183594,0.8925781,0.3935547,0.06031241,-0.2536364
5,81,0.9433594,-0.3105469,0.9003906,0.394043,0.06041577,-0.2537039
5,82,0.9482422,-0.300293,0.8959961,0.3759766,0.06063119,-0.2536536
5,83,0.949707,-0.3066406,0.9023438,0.3808594,0.0606009,-0.2535928
5,84,0.9443359,-0.3041992,0.9023438,0.3671875,0.06084918,-0.2536945
5,85,0.9487305,-0.3110352,0.8945313,0.3725586,0.06104159,-0.2538425
5,86,0.9428711,-0.2983398,0.9067383,0.3764648,0.06109872,-0.2539304
5,87,0.9482422,-0.3125,0.8969727,0.3818359,0.06120111,-0.2539712
5,88,0.9448242,-0.3061523,0.8999023,0.3745117,0.06081676,-0.2538111
5,89,0.9492188,-0.3051758,0.8974609,0.3740234,0.06090977,-0.2539129
5,90,0.9433594,-0.3022461,0.8994141,0.3769531,0.06108944,-0.254038
5,91,0.9477539,-0.3041992,0.9018555,0.3793945,0.06114738,-0.2540419
5,92,0.9472656,-0.3007813,0.8901367,0.3793945,0.06114841,-0.2540347
5,93,0.949707,-0.3056641,0.8964844,0.3823242,0.06115113,-0.254078
5,94,0.9487305,-0.3027344,0.9038086,0.3857422,0.06091955,-0.2539559
5,95,0.9487305,-0.3095703,0.8935547,0.3720703,0.06091159,-0.2540198
5,96,0.9501953,-0.3027344,0.8955078,0.3730469,0.06095506,-0.2539583
5,97,0.9375,-0.3100586,0.8959961,0.3813477,0.06101823,-0.2539137
5,98,0.9619141,-0.2924805,0.8964844,0.3842773,0.06104477,-0.2538937
5,99,0.9384766,-0.3056641,0.8974609,0.3764648,0.06111706,-0.2539642
5,100,0.9492188,-0.3134766,0.9042969,0.3803711,0.06112232,-0.2539469
5,101,0.9472656,-0.3071289,0.9003906,0.3681641,0.06114342,-0.2539249
5,102,0.9438477,-0.3037109,0.9008789,0.3701172,0.06114825,-0.2538785
5,103,0.9458008,-0.309082,0.9047852,0.3725586,0.06094272,-0.2537228
5,104,0.9438477,-0.3046875,0.8959961,0.3735352,0.06079434,-0.2536046
6,0,0.9677734,-0.2382813,0.8979492,0.4047852,0.03271841,-0.1592937
6,1,0.9599609,-0.2451172,0.8950195,0.4008789,0.03246361,-0.1597342
6,2,0.972168,-0.2397461,0.894043,0.3925781,0.03204788,-0.1600274
6,3,0.9609375,-0.2387695,0.8896484,0.3935547,0.03178108,-0.1602368
6,4,0.9609375,-0.2451172,0.8867188,0.4023438,0.03166166,-0.1605023
6,5,0.9643555,-0.2441406,0.8745117,0.4194336,0.0316351,-0.1607537
6,6,0.9731445,-0.2363281,0.8691406,0.421875,0.03160261,-0.16086
6,7,0.9716797,-0.2495117,0.8925781,0.453125,0.03164338,-0.1610864
6,8,0.9814453,-0.2597656,0.940918,0.5112305,0.03169729,-0.1611545
6,9,0.9794922,-0.2597656,1.009277,0.5957031,0.03190938,-0.1613343
6,10,0.9516602,-0.246582,0.8378906,1.052246,0.03183155,-0.1613709
6,11,0.9506836,-0.2739258,0.769043,1.052246,0.03146866,-0.1612166
6,12,0.9604492,-0.2597656,0.6152344,0.9101563,0.03096594,-0.1607006
6,13,0.9404297,-0.2246094,0.04785156,0.7597656,0.03034779,-0.1599186
6,14,0.9887695,-0.2402344,0.2104492,0.8149414,0.03107387,-0.1596747
6,15,0.9824219,-0.2695313,0.5507813,0.690918,0.03228661,-0.159835
6,16,0.9570313,-0.2817383,0.4174805,0.5244141,0.03323979,-0.1598806
6,17,0.940918,-0.2573242,0.4174805,0.5244141,0.03402276,-0.1596174
6,18,0.9111328,-0.2841797,0.3574219,0.3579102,0.03449239,-0.1594269
6,19,0.9599609,-0.359375,0.152832,0.4643555,0.0347285,-0.1594811
6,20,0.9277344,-0.234375,0.152832,0.4643555,0.03482619,-0.1597017
6,21,0.9394531,-0.2236328,0.152832,0.4643555,0.03484096,-0.1597185
6,22,0.9677734,-0.375,0.152832,0.4643555,0.03485966,-0.1597764
6,23,1.013184,-0.3027344,0.152832,0.4643555,0.03468653,-0.1599046
6,24,0.9282227,-0.1933594,0.152832,0.4643555,0.03439555,-0.1601868
6,25,0.9541016,-0.3217773,0.1035156,0.6430664,0.03392554,-0.160244
6,26,1.006348,-0.3095703,-0.02050781,0.7045898,0.03328229,-0.1598945
6,27,1.002441,-0.277832,0.1435547,1.099609,0.03251819,-0.1587156
6,28,0.9482422,-0.2685547,0.006347656,1.562988,0.03203904,-0.158162
6,29,0.8710938,-0.2641602,0.1762695,1.390625,0.03176074,-0.1577154
6,30,0.9487305,-0.3149414,0.2275391,1.085449,0.03158596,-0.15736
6,31,0.9833984,-0.2924805,0.3818359,0.6992188,0.03148312,-0.1569812
6,32,0.9575195,-0.2392578,0.6166992,0.234375,0.03127519,-0.1565537
6,33,0.9916992,-0.2651367,-0.2607422,0.8735352,0.03129906,-0.1564347
6,34,0.9692383,-0.2802734,0.08935547,0.7797852,0.03112037,-0.1565252
6,35,0.9291992,-0.2880859,-0.04345703,0.9414063,0.03106575,-0.156613
6,36,0.9204102,-0.2788086,-0.03955078,1.275391,0.03095756,-0.1566429
6,37,0.9394531,-0.2915039,0.2070313,1.080078,0.03060464,-0.1566292
6,38,0.9760742,-0.2729492,0.3505859,1.343262,0.03048335,-0.1566619
6,39,0.9575195,-0.2568359,-0.02246094,1.083008,0.02980762,-0.156737
6,40,0.9506836,-0.2470703,-0.4624023,0.8945313,0.02875932,-0.1568234
6,41,0.9604492,-0.284668,-0.6030273,0.7041016,0.02724239,-0.1568938
6,42,0.9521484,-0.2592773,-0.5722656,0.6845703,0.02937428,-0.1524644
6,43,0.9663086,-0.246582,-0.5268555,0.512207,0.02994587,-0.1517975
6,44,0.9667969,-0.2509766,-0.5458984,0.4707031,0.02979046,-0.1523858
6,45,0.9770508,-0.2446289,-0.6118164,0.5292969,0.03010733,-0.1527494
6,46,0.953125,-0.2788086,-0.6967773,0.5981445,0.03016775,-0.1527467
6,47,0.9023438,-0.2744141,-0.6606445,0.7011719,0.03055167,-0.1511715
6,48,0.9853516,-0.2578125,-0.5800781,0.7817383,0.02906446,-0.1493543
6,49,0.9731445,-0.2680664,-0.8505859,0.5991211,0.02510167,-0.1517058
6,50,0.9404297,-0.2504883,-0.9462891,0.3188477,0.02122668,-0.1536412
6,51,0.984375,-0.2749023,-0.9501953,0.4023438,0.02115407,-0.1544577
6,52,0.9829102,-0.2836914,-0.9628906,0.3837891,0.0209609,-0.1551626
6,53,0.9760742,-0.2436523,-0.7202148,0.4594727,0.02086783,-0.1557045
6,54,0.9140625,-0.25,-0.4169922,0.4614258,0.020797,-0.1560259
6,55,0.9384766,-0.2441406,-0.4853516,0.362793,0.0202936,-0.1560078
6,56,0.9956055,-0.2246094,-0.4414063,0.6166992,0.01921221,-0.1556386
6,57,0.996582,-0.2368164,0.1582031,0.5908203,0.01853582,-0.155347
6,58,0.9775391,-0.2651367,0.4921875,0.7924805,0.01806835,-0.1551972
6,59,0.9370117,-0.2890625,0.9658203,1.083008,0.01781543,-0.1551774
6,60,0.9609375,-0.2734375,1.441895,0.2172852,0.01791986,-0.1552191
6,61,0.9477539,-0.2763672,1.165039,0.5234375,0.01822953,-0.1554113
6,62,0.9365234,-0.2685547,0.8994141,0.4863281,0.01888558,-0.1557425
6,63,0.949707,-0.2641602,0.8242188,0.5551758,0.01964569,-0.156201
6,64,0.9946289,-0.2573242,0.8774414,0.4169922,0.02052085,-0.1567878
6,65,0.9648438,-0.2407227,0.9765625,0.1972656,0.02129776,-0.1570284
6,66,0.9370117,-0.2587891,0.9296875,0.3051758,0.02216307,-0.1573854
6,67,0.9575195,-0.237793,0.9057617,0.3540039,0.02286229,-0.1577034
6,68,0.9755859,-0.2451172,0.9262695,0.2866211,0.02369448,-0.1579854
6,69,0.9575195,-0.2558594,0.9135742,0.3364258,0.02414981,-0.1581705
6,70,0.9536133,-0.2670898,0.8896484,0.3574219,0.02493793,-0.1583437
6,71,0.9594727,-0.2573242,0.9082031,0.359375,0.02571568,-0.1585135
6,72,0.965332,-0.2592773,0.9125977,0.3676758,0.02627785,-0.1587309
6,73,0.9545898,-0.2543945,0.9047852,0.3696289,0.02693232,-0.1588803
6,74,0.9604492,-0.2617188,0.8896484,0.3813477,0.02740983,-0.1587602
6,75,0.9672852,-0.2485352,0.8984375,0.3725586,0.02772886,-0.1586716
6,76,0.96875,-0.2543945,0.9018555,0.3632813,0.028016,-0.1586415
6,77,0.9589844,-0.2583008,0.8881836,0.3710938,0.02846984,-0.1587601
6,78,0.9599609,-0.2553711,0.890625,0.3813477,0.02883502,-0.1589476
6,79,0.9609375,-0.2583008,0.8984375,0.3774414,0.02903233,-0.1590716
6,80,0.9648438,-0.2475586,0.8911133,0.3828125,0.02942699,-0.1591504
6,81,0.9697266,-0.237793,0.8945313,0.3725586,0.02995165,-0.1593752
6,82,0.9658203,-0.2460938,0.9033203,0.3798828,0.03037796,-0.1596258
6,83,0.9555664,-0.2441406,0.9038086,0.3666992,0.03072503,-0.1597274
6,84,0.9580078,-0.2436523,0.9047852,0.3696289,0.03139908,-0.1598562
6,85,0.9594727,-0.2495117,0.8964844,0.3686523,0.03168811,-0.1598915
6,86,0.9643555,-0.2397461,0.8999023,0.3730469,0.03194015,-0.1600075
6,87,0.9677734,-0.2421875,0.8984375,0.3657227,0.03218246,-0.1601436
6,88,0.9619141,-0.2348633,0.8979492,0.3681641,0.03232648,-0.1601848
6,89,0.9609375,-0.2441406,0.902832,0.3691406,0.03248179,-0.1602314
6,90,0.9624023,-0.2436523,0.8833008,0.3852539,0.03256104,-0.1602523
6,91,0.9658203,-0.2529297,0.9042969,0.3666992,0.03263736,-0.1603066
6,92,0.9643555,-0.2490234,0.8920898,0.3779297,0.03272136,-0.1603191
6,93,0.9575195,-0.246582,0.8979492,0.3735352,0.03271757,-0.1603174
6,94,0.9550781,-0.2578125,0.8964844,0.3852539,0.03282146,-0.1602978
6,95,0.9638672,-0.2524414,0.8989258,0.387207,0.03283026,-0.1602811
6,96,0.9628906,-0.2607422,0.8891602,0.3925781,0.0328644,-0.1603132
6,97,0.9663086,-0.265625,0.8964844,0.3891602,0.0328599,-0.1603337
6,98,0.9604492,-0.2626953,0.8867188,0.3950195,0.03289787,-0.1603478
6,99,0.9672852,-0.2641602,0.8857422,0.3891602,0.03282123,-0.1602894
6,100,0.9545898,-0.2597656,0.8896484,0.3881836,0.032786,-0.1602588
6,101,0.9506836,-0.2666016,0.8852539,0.3823242,0.03269677,-0.1602581
6,102,0.953125,-0.2573242,0.9018555,0.3681641,0.03223194,-0.1603417
6,103,0.9541016,-0.253418,0.9042969,0.3798828,0.03189133,-0.1604913
6,104,0.9599609,-0.2475586,0.8955078,0.3837891,0.03071676,-0.1608131
6,105,0.9580078,-0.2490234,0.8969727,0.3852539,0.02924445,-0.1610429
7,0,0.9111328,-0.3017578,0.8994141,0.2275391,-0.02232933,-0.1567148
7,1,0.9111328,-0.3017578,0.9013672,0.2373047,-0.02230302,-0.1565974
7,2,0.9111328,-0.3017578,0.8959961,0.234375,-0.02231913,-0.1564469
7,3,0.9111328,-0.3017578,0.9003906,0.2265625,-0.02231018,-0.1563398
7,4,0.9111328,-0.3017578,0.9008789,0.2270508,-0.02234276,-0.1562947
7,5,0.9111328,-0.3017578,0.8969727,0.2329102,-0.02240105,-0.1562432
7,6,0.9111328,-0.3017578,0.8989258,0.2319336,-0.02242279,-0.1561597
7,7,0.9111328,-0.3017578,0.8989258,0.2280273,-0.02249737,-0.1560573
7,8,0.9111328,-0.3017578,0.9008789,0.234375,-0.02251231,-0.1560812
7,9,0.9111328,-0.3017578,0.9013672,0.237793,-0.02255705,-0.1561038
7,10,0.9111328,-0.3017578,0.8974609,0.2358398,-0.02260424,-0.1561136
7,11,0.9111328,-0.3017578,0.9052734,0.2348633,-0.0226557,-0.1561024
7,12,0.9111328,-0.3017578,0.9145508,0.2426758,-0.02272348,-0.1560403
7,13,0.9111328,-0.3017578,0.9277344,0.2700195,-0.02279972,-0.1560521
7,14,0.9111328,-0.3017578,1.012695,0.2763672,-0.02287179,-0.1560604
7,15,0.9111328,-0.3017578,0.9697266,0.3554688,-0.02313106,-0.1558278
7,16,0.9111328,-0.3017578,0.828125,0.4306641,-0.02438337,-0.1552525
7,17,0.9111328,-0.3017578,0.7192383,0.4794922,-0.02548256,-0.154999
7,18,0.9111328,-0.3017578,0.4365234,0.4433594,-0.02461861,-0.1552146
7,19,0.9111328,-0.3017578,0.2587891,0.3881836,-0.02395658,-0.1550697
7,20,0.9111328,-0.3017578,-0.007324219,0.3955078,-0.02334588,-0.1548103
7,21,0.9111328,-0.3017578,0.05810547,0.4316406,-0.0222396,-0.1549399
7,22,0.9111328,-0.3017578,-0.1459961,0.4692383,-0.021485,-0.1552452
7,23,0.9111328,-0.3017578,-0.1035156,0.5507813,-0.02112053,-0.1554317
7,24,0.9111328,-0.3017578,-0.3691406,0.7407227,-0.02111137,-0.1554734
7,25,0.9111328,-0.3017578,-0.4404297,0.6972656,-0.02108354,-0.1556149
7,26,0.9111328,-0.3017578,-0.4384766,0.9125977,-0.02107897,-0.155617
7,27,0.9111328,-0.3017578,-0.08154297,0.3041992,-0.02117418,-0.1556209
7,28,0.9111328,-0.3017578,-0.2993164,0.7646484,-0.02135159,-0.1557116
7,29,0.9111328,-0.3017578,-0.34375,0.734375,-0.02147924,-0.155767
7,30,0.9111328,-0.3017578,-0.3857422,0.7089844,-0.02162435,-0.155815
7,31,0.9111328,-0.3017578,-0.3164063,0.7285156,-0.02174453,-0.1558158
7,32,0.9111328,-0.3017578,-0.2026367,0.6328125,-0.02211982,-0.1558586
7,33,0.9111328,-0.3017578,-0.1787109,0.5717773,-0.02256661,-0.1559032
7,34,0.9111328,-0.3017578,-0.1987305,0.5961914,-0.02342851,-0.1558235
7,35,0.9111328,-0.3017578,-0.1660156,0.5839844,-0.02491867,-0.1552911
7,36,0.9111328,-0.3017578,-0.2124023,0.5390625,-0.02549734,-0.1551546
7,37,0.9111328,-0.3017578,-0.06445313,0.5664063,-0.02771086,-0.1547444
7,38,0.9111328,-0.3017578,0.08544922,0.6914063,-0.02921065,-0.1544034
7,39,0.9111328,-0.3017578,0.03808594,0.5644531,-0.03081406,-0.1541462
7,40,0.9111328,-0.3017578,0.4189453,0.6464844,-0.0314319,-0.1539599
7,41,0.9111328,-0.3017578,0.3657227,0.628418,-0.03183158,-0.1538481
7,42,0.9111328,-0.3017578,0.3525391,0.6166992,-0.03201098,-0.1538576
7,43,0.9111328,-0.3017578,0.3779297,0.5957031,-0.03212035,-0.1538785
7,44,0.9111328,-0.3017578,0.5336914,0.3100586,-0.03214817,-0.1539261
7,45,0.9111328,-0.3017578,0.5151367,0.9584961,-0.03202399,-0.1539237
7,46,0.9111328,-0.3017578,0.3144531,0.5649414,-0.03176351,-0.1539104
7,47,0.9111328,-0.3017578,0.3549805,0.4951172,-0.03166185,-0.1539772
7,48,0.9111328,-0.3017578,0.4824219,0.5454102,-0.03150119,-0.1541014
7,49,0.9111328,-0.3017578,0.4169922,0.5522461,-0.03137724,-0.1541807
7,50,0.9111328,-0.3017578,0.3979492,0.5693359,-0.03124433,-0.1542287
7,51,0.9111328,-0.3017578,0.4477539,0.6274414,-0.03125772,-0.1542473
7,52,0.9111328,-0.3017578,0.2998047,0.684082,-0.03123332,-0.1543593
7,53,0.9111328,-0.3017578,0.2734375,0.6787109,-0.03122158,-0.1544828
7,54,0.9111328,-0.3017578,-0.09521484,0.7436523,-0.03130593,-0.154623
7,55,0.9111328,-0.3017578,-0.04248047,0.7255859,-0.03147019,-0.1551858
7,56,0.9111328,-0.3017578,-0.2636719,0.6723633,-0.03273395,-0.1582965
7,57,0.9111328,-0.3017578,-0.2958984,0.7416992,-0.03297374,-0.1585934
7,58,0.9111328,-0.3017578,-0.4155273,0.6264648,-0.03217044,-0.1595438
7,59,0.9111328,-0.3017578,-0.4311523,0.6054688,-0.03082557,-0.1600699
7,60,0.9111328,-0.3017578,-0.4926758,0.5927734,-0.02971001,-0.1600851
7,61,0.9111328,-0.3017578,-0.5371094,0.6494141,-0.02923949,-0.1600432
7,62,0.9111328,-0.3017578,-0.6333008,0.6884766,-0.02889186,-0.1600457
7,63,0.9111328,-0.3017578,-0.6835938,0.7324219,-0.02864064,-0.1600524
7,64,0.9111328,-0.3017578,-0.671875,0.7617188,-0.02818877,-0.1601429
7,65,0.9111328,-0.3017578,-0.6040039,0.862793,-0.02797672,-0.1599641
7,66,0.9111328,-0.3017578,-0.4931641,0.8129883,-0.02809759,-0.1594152
7,67,0.9111328,-0.3017578,-0.4931641,0.8129883,-0.02874784,-0.1585226
7,68,0.9111328,-0.3017578,-0.9750977,0.3251953,-0.03017528,-0.1580768
7,69,0.9111328,-0.3017578,-1.034668,0.1777344,-0.03099953,-0.1579922
7,70,0.9111328,-0.3017578,-1.068848,0.2939453,-0.03149425,-0.1580013
7,71,0.9111328,-0.3017578,-0.9770508,0.3730469,-0.03179994,-0.158025
7,72,0.9111328,-0.3017578,-0.8881836,0.4370117,-0.03187814,-0.1580999
7,73,0.9111328,-0.3017578,-0.8647461,0.4291992,-0.03181823,-0.1581398
7,74,0.9111328,-0.3017578,-0.8662109,0.409668,-0.03175216,-0.1580641
7,75,0.9111328,-0.3017578,-0.8217773,0.3994141,-0.03153792,-0.1579902
7,76,0.9111328,-0.3017578,-0.6992188,0.402832,-0.03135957,-0.157973
7,77,0.9111328,-0.3017578,-0.6630859,0.4355469,-0.03118917,-0.15792
7,78,0.9111328,-0.3017578,-0.4350586,0.4921875,-0.03107219,-0.1578346
7,79,0.9111328,-0.3017578,-0.2939453,0.5908203,-0.0310473,-0.1577657
7,80,0.9111328,-0.3017578,0.06298828,0.6777344,-0.03095646,-0.1576008
7,81,0.9111328,-0.3017578,0.2387695,0.6518555,-0.03080856,-0.1575761
7,82,0.9111328,-0.3017578,0.4462891,0.5981445,-0.03092706,-0.1574419
7,83,0.9111328,-0.3017578,0.7646484,0.5976563,-0.03114745,-0.1571782
7,84,0.9111328,-0.3017578,0.9077148,0.4780273,-0.03111537,-0.1569611
7,85,0.9111328,-0.3017578,0.9936523,0.4472656,-0.03088215,-0.1569017
7,86,0.9111328,-0.3017578,0.9643555,0.4091797,-0.03051781,-0.1569304
7,87,0.9111328,-0.3017578,0.8808594,0.34375,-0.03025729,-0.1569584
7,88,0.9111328,-0.3017578,0.8662109,0.2651367,-0.02998369,-0.1568108
7,89,0.9111328,-0.3017578,0.862793,0.2675781,-0.02971607,-0.1566786
7,90,0.9111328,-0.3017578,0.8574219,0.2739258,-0.02953793,-0.1565519
7,91,0.9111328,-0.3017578,0.887207,0.2592773,-0.02934996,-0.1565428
7,92,0.9111328,-0.3017578,0.8994141,0.2734375,-0.02927808,-0.156505
7,93,0.9111328,-0.3017578,0.8896484,0.2705078,-0.02917617,-0.1563945
7,94,0.9111328,-0.3017578,0.8808594,0.262207,-0.0289966,-0.1561592
7,95,0.9111328,-0.3017578,0.878418,0.2695313,-0.02891147,-0.1561447
7,96,0.9111328,-0.3017578,0.8828125,0.2626953,-0.02883879,-0.1561823
7,97,0.9111328,-0.3017578,0.8808594,0.2617188,-0.02878434,-0.1561514
7,98,0.9111328,-0.3017578,0.8852539,0.2592773,-0.02878024,-0.1561081
7,99,0.9111328,-0.3017578,0.8793945,0.2578125,-0.02874068,-0.1560256
7,100,0.9111328,-0.3017578,0.8828125,0.2543945,-0.02871792,-0.1559937
7,101,0.9111328,-0.3017578,0.8891602,0.2563477,-0.0287183,-0.1559955
7,102,0.9111328,-0.3017578,0.8891602,0.253418,-0.02875909,-0.1559853
7,103,0.9111328,-0.3017578,0.8881836,0.253418,-0.02878721,-0.1559379
7,104,0.9111328,-0.3017578,0.8862305,0.2553711,-0.02885055,-0.155852
8,0,0.9179688,-0.3154297,0.8920898,0.3867188,-0.003607934,-0.08113799
8,1,0.9179688,-0.3154297,0.8945313,0.3901367,-0.003376344,-0.08117873
8,2,0.9179688,-0.3154297,0.8999023,0.387207,-0.003205115,-0.08120319
8,3,0.9179688,-0.3154297,0.8916016,0.3847656,-0.002980541,-0.08123167
8,4,0.9179688,-0.3154297,0.8974609,0.3876953,-0.002811836,-0.08124583
8,5,0.9179688,-0.3154297,0.8916016,0.3847656,-0.002677322,-0.08126531
8,6,0.9179688,-0.3154297,0.8916016,0.3920898,-0.00257573,-0.0812785
8,7,0.9179688,-0.3154297,0.8876953,0.3881836,-0.002450595,-0.08130411
8,8,0.9179688,-0.3154297,0.8920898,0.3935547,-0.002397179,-0.08131485
8,9,0.9179688,-0.3154297,0.9003906,0.3945313,-0.002369467,-0.08130562
8,10,0.9179688,-0.3154297,0.9047852,0.4584961,-0.002304378,-0.0812976
8,11,0.9179688,-0.3154297,1.056152,0.578125,-0.002286996,-0.08128271
8,12,0.9179688,-0.3154297,1.141602,0.7138672,-0.002655538,-0.08122475
8,13,0.9179688,-0.3154297,0.7080078,0.7861328,-0.005247742,-0.08071278
8,14,0.9179688,-0.3154297,0.4306641,0.7866211,-0.006001847,-0.08074937
8,15,0.9179688,-0.3154297,0.1333008,0.7861328,-0.005841426,-0.08074232
8,16,0.9179688,-0.3154297,-0.01171875,0.6328125,-0.005767704,-0.08055735
8,17,0.9179688,-0.3154297,-0.1782227,0.6704102,-0.005444068,-0.08057182
8,18,0.9179688,-0.3154297,-0.230957,0.5947266,-0.004529273,-0.08094023
8,19,0.9179688,-0.3154297,-0.1938477,0.6655273,-0.003150816,-0.08115499
8,20,0.9179688,-0.3154297,-0.2329102,0.6865234,-0.001958691,-0.08146587
8,21,0.9179688,-0.3154297,-0.4057617,0.8095703,-0.001780529,-0.08143299
8,22,0.9179688,-0.3154297,-0.8950195,1.132813,-0.001067414,-0.08161464
8,23,0.9179688,-0.3154297,-0.8481445,1.197754,-0.000813088,-0.08167654
8,24,0.9179688,-0.3154297,-0.3676758,0.6650391,-0.000355281,-0.08187201
8,25,0.9179688,-0.3154297,-0.3544922,0.5717773,4.65E-06,-0.0819369
8,26,0.9179688,-0.3154297,-0.5405273,0.75,0.00023611,-0.08207377
8,27,0.9179688,-0.3154297,-0.01806641,0.6264648,0.000486076,-0.08230161
8,28,0.9179688,-0.3154297,-0.4394531,0.6796875,0.000293192,-0.08231673
8,29,0.9179688,-0.3154297,-0.5849609,0.7382813,-0.000561945,-0.08178983
8,30,0.9179688,-0.3154297,-0.644043,0.8505859,-0.002134544,-0.0809548
8,31,0.9179688,-0.3154297,-0.3320313,0.8999023,-0.004184923,-0.08024342
8,32,0.9179688,-0.3154297,0.08154297,1.227051,-0.005287645,-0.0802374
8,33,0.9179688,-0.3154297,0.2773438,0.8959961,-0.006260698,-0.08031164
8,34,0.9179688,-0.3154297,0.4101563,1.060059,-0.006844311,-0.08036889
8,35,0.9179688,-0.3154297,0.4072266,1.095215,-0.007461357,-0.08057202
8,36,0.9179688,-0.3154297,0.3012695,0.8349609,-0.007844449,-0.08056585
8,37,0.9179688,-0.3154297,-0.2055664,0.7651367,-0.00797568,-0.08061154
8,38,0.9179688,-0.3154297,0.06835938,1.145508,-0.008107375,-0.08085063
8,39,0.9179688,-0.3154297,-0.1694336,0.6206055,-0.008182701,-0.08098127
8,40,0.9179688,-0.3154297,-0.230957,0.9731445,-0.008232513,-0.08112838
8,41,0.9179688,-0.3154297,-0.2006836,1.023926,-0.008353307,-0.08109928
8,42,0.9179688,-0.3154297,-0.4077148,1.451172,-0.008565346,-0.08101494
8,43,0.9179688,-0.3154297,-0.1699219,0.6743164,-0.009026129,-0.08081149
8,44,0.9179688,-0.3154297,-0.5732422,0.8842773,-0.01029256,-0.08241925
8,45,0.9179688,-0.3154297,-0.6640625,0.644043,-0.009955141,-0.08164947
8,46,0.9179688,-0.3154297,-0.6313477,0.5532227,-0.009071714,-0.08112684
8,47,0.9179688,-0.3154297,-0.6083984,0.5581055,-0.007617018,-0.08104204
8,48,0.9179688,-0.3154297,-0.6469727,0.6196289,-0.006712996,-0.08108324
8,49,0.9179688,-0.3154297,-0.7451172,0.6743164,-0.006780193,-0.08085423
8,50,0.9179688,-0.3154297,-0.8193359,0.6494141,-0.007063965,-0.08032881
8,51,0.9179688,-0.3154297,-0.9077148,0.4824219,-0.007572529,-0.0803621
8,52,0.9179688,-0.3154297,-0.9638672,0.2226563,-0.009015835,-0.08088048
8,53,0.9179688,-0.3154297,-0.9301758,0.08691406,-0.009799297,-0.08104144
8,54,0.9179688,-0.3154297,-0.9174805,0.07226563,-0.01063361,-0.08140567
8,55,0.9179688,-0.3154297,-0.9609375,0.1352539,-0.01092162,-0.08174317
8,56,0.9179688,-0.3154297,-0.918457,0.1567383,-0.01091203,-0.08186819
8,57,0.9179688,-0.3154297,-0.7558594,0.2802734,-0.01079964,-0.0819249
8,58,0.9179688,-0.3154297,-0.5029297,0.3413086,-0.01071261,-0.08190277
8,59,0.9179688,-0.3154297,-0.4882813,0.3803711,-0.01054328,-0.08175441
8,60,0.9179688,-0.3154297,-0.3476563,0.5644531,-0.01060194,-0.08189374
8,61,0.9179688,-0.3154297,0.01074219,0.9125977,-0.01056638,-0.0818211
8,62,0.9179688,-0.3154297,0.4628906,1.124512,-0.01061829,-0.08164719
8,63,0.9179688,-0.3154297,0.8862305,1.032715,-0.009770376,-0.08165433
8,64,0.9179688,-0.3154297,1.137207,0.871582,-0.008473521,-0.08178287
8,65,0.9179688,-0.3154297,1.241211,0.765625,-0.007484542,-0.08168601
8,66,0.9179688,-0.3154297,0.9628906,0.4609375,-0.006684796,-0.08152097
8,67,0.9179688,-0.3154297,0.8530273,0.5649414,-0.006215374,-0.08128715
8,68,0.9179688,-0.3154297,0.7832031,0.465332,-0.005789817,-0.08105633
8,69,0.9179688,-0.3154297,0.8198242,0.4389648,-0.005346618,-0.08087953
8,70,0.9179688,-0.3154297,0.90625,0.3891602,-0.00510082,-0.08076802
8,71,0.9179688,-0.3154297,0.9008789,0.3955078,-0.004769132,-0.08069213
8,72,0.9179688,-0.3154297,0.8681641,0.4365234,-0.004453125,-0.08062199
8,73,0.9179688,-0.3154297,0.8828125,0.4296875,-0.004254734,-0.08046685
8,74,0.9179688,-0.3154297,0.8725586,0.4169922,-0.004052956,-0.08038206
8,75,0.9179688,-0.3154297,0.871582,0.440918,-0.003867684,-0.08034962
8,76,0.9179688,-0.3154297,0.8852539,0.4335938,-0.003695177,-0.08026256
8,77,0.9179688,-0.3154297,0.8764648,0.421875,-0.003606188,-0.08025081
8,78,0.9179688,-0.3154297,0.8759766,0.4321289,-0.003576332,-0.08026025
8,79,0.9179688,-0.3154297,0.8710938,0.4282227,-0.003535571,-0.08027656
8,80,0.9179688,-0.3154297,0.8701172,0.4301758,-0.003507693,-0.08026915
8,81,0.9179688,-0.3154297,0.8720703,0.4296875,-0.003484557,-0.08025847
8,82,0.9179688,-0.3154297,0.8745117,0.4379883,-0.003464967,-0.08026876
8,83,0.9179688,-0.3154297,0.8686523,0.4257813,-0.003418753,-0.08026515
8,84,0.9179688,-0.3154297,0.8681641,0.4287109,-0.003333432,-0.08028311
8,85,0.9179688,-0.3154297,0.8710938,0.4316406,-0.003246662,-0.08027758
8,86,0.9179688,-0.3154297,0.8818359,0.4321289,-0.003151367,-0.08029249
8,87,0.9179688,-0.3154297,0.8710938,0.4238281,-0.003107066,-0.08030347
8,88,0.9179688,-0.3154297,0.8759766,0.4267578,-0.003007846,-0.08032192
8,89,0.9179688,-0.3154297,0.8666992,0.4208984,-0.002918635,-0.08028264
8,90,0.9179688,-0.3154297,0.8818359,0.4204102,-0.002893529,-0.08024082
8,91,0.9179688,-0.3154297,0.8842773,0.4248047,-0.002819165,-0.08016609
8,92,0.9179688,-0.3154297,0.8686523,0.425293,-0.002708523,-0.08013904
8,93,0.9179688,-0.3154297,0.8828125,0.4272461,-0.002669786,-0.08010665
8,94,0.9179688,-0.3154297,0.8706055,0.4267578,-0.002585498,-0.0800682
8,95,0.9179688,-0.3154297,0.871582,0.421875,-0.002596281,-0.07996932
8,96,0.9179688,-0.3154297,0.8745117,0.4301758,-0.002552851,-0.07995707
8,97,0.9179688,-0.3154297,0.8676758,0.4082031,-0.002593836,-0.07992368
8,98,0.9179688,-0.3154297,0.8764648,0.4223633,-0.002621664,-0.07989846
8,99,0.9179688,-0.3154297,0.8769531,0.4228516,-0.002633213,-0.07991265
8,100,0.9179688,-0.3154297,0.8740234,0.4262695,-0.00263851,-0.07990427
8,101,0.9179688,-0.3154297,0.8769531,0.421875,-0.002674823,-0.07988437
8,102,0.9179688,-0.3154297,0.878418,0.4213867,-0.0026855,-0.07988282
8,103,0.9179688,-0.3154297,0.871582,0.4213867,-0.002714633,-0.07987874
8,104,0.9179688,-0.3154297,0.8837891,0.4262695,-0.00276353,-0.07987954
